<?xml-model href="http://www.tei-c.org/release/xml/tei/custom/schema/relaxng/tei_all.rng" type="application/xml" schematypens="http://relaxng.org/ns/structure/1.0"?><?xml-model href="http://www.tei-c.org/release/xml/tei/custom/schema/relaxng/tei_all.rng" type="application/xml"
	schematypens="http://purl.oclc.org/dsdl/schematron"?><TEI xmlns="http://www.tei-c.org/ns/1.0" xmlns:tei="http://www.tei-c.org/ns/1.0" xml:id="pb-persons">
   <teiHeader>
      <fileDesc>
         <titleStmt>
            <title>Local Authority File: Person register</title>
         </titleStmt>
         <publicationStmt>
            <p>Publication Information</p>
         </publicationStmt>
         <sourceDesc>
            <p>Information about the source</p>
         </sourceDesc>
      </fileDesc>
      <encodingDesc>
         <classDecl>
            <taxonomy/>
         </classDecl>
      </encodingDesc>
   </teiHeader>
   <standOff>
      <listPerson>
         <person xml:id="gnd-139890289">
            <persName type="main">Lucia Graves</persName>
            <persName type="sort">Graves, Lucia</persName>
            <gender value="F">female</gender>
            <birth>
               <date when="1943-07-21"/>
               <placeName ref="https://www.geonames.org/2651292">Devon, England</placeName>
            </birth>
            <note type="bio">English translator and writer; grew up in Mallorca,
               translated from Spanish and Catalan into English; daughter of the writer, Robert Graves</note>
            <occupation ref="https://d-nb.info/gnd/4372438-3">translator</occupation>
            <occupation ref="https://d-nb.info/gnd/4053311-6">writer</occupation>
         </person>
         <person xml:id="gnd-136602592">
            <persName type="main">Ambrosius Leibnütz</persName>
            <persName type="sort">Leibnütz, Ambrosius</persName>
            <gender value="M">male</gender>
            <birth>
               <date when="1569-04-14"/>
               <placeName ref="https://d-nb.info/gnd/4005647-8">Berggießhübel</placeName>
            </birth>
            <death>
               <date when="1617-05-28"/>
               <placeName ref="https://d-nb.info/gnd/4238828-4">Altenberg (Erzgebirge, Saxony)</placeName>
            </death>
            <note type="bio">
               civil servant in Altenberg, Saxony; grandfather of Gottfried Wilhelm Leibniz
            </note>
            <occupation ref="https://d-nb.info/gnd/4182762-4">Stadtschreiber</occupation>
            <occupation ref="https://d-nb.info/gnd/7762580-8">Bergbeamter</occupation>
         </person>
      <person xml:id="person-000002" when="2024-02-08" resp="admin">
        <persName type="main">Sigismundo Augusto rege Poloniae</persName>
        <persName type="sort"/>
        <gender value="U"/>
        <birth>
           <date/>
           <placeName/>
        </birth>
        <death>
           <date/>
           <placeName/>
        </death>
        <note type="bio"/>
     </person></listPerson>
   </standOff>
</TEI>