{
    "openapi": "3.0.0",
    "info": {
        "version": "1.0.0",
        "title": "Custom API",
        "description": "This is the place to add your own path endpoints"
    },
    "servers": [
        {
            "description": "Endpoint for testing on localhost",
            "url":"/exist/apps/1561"
        }
    ],
    "components": {
        "securitySchemes": {
            "basicAuth": {
                "type": "http",
                "scheme": "basic"
            },
            "cookieAuth": {
                "type": "apiKey",
                "name": "teipublisher.com.login",
                "in": "cookie"
            }
        }
    },
    "tags": [
        {
            "name": "encyclopedia",
            "description": "Endpoints used by the 'Damen Conversations Lexikon'"
        },
        {
            "name": "iiif",
            "description": "Endpoints providing IIIF presentation manifests"
        }
    ],
    "paths": {
        "/encyclopedia": {
            "get": {
                "summary": "Encyclopedia root page",
				"description": "Registers a custom URL for the encyclopedia example (Damen Conversations Lexikon) to be used instead of the document name.",
                "operationId": "vapi:view",
				"x-error-handler": "vapi:handle-error",
                "tags": ["encyclopedia"],
				"parameters": [
					{
						"name": "file",
						"in": "query",
						"schema": {
							"type": "string",
                            "default": "pages/tei-lex"
						}
					},
                    {
						"name": "docid",
						"in": "query",
						"description": "Relative path to the document",
						"required": true,
						"schema": {
							"type": "string",
							"example": "test/orlik_to_serafin.xml",
                            "default": "test/DamenConvLex-1834.xml"
						},
						"allowReserved": true
					}
				],
				"responses": {
					"200": {
						"description": "HTML of the page",
						"content": {
							"text/html": {
								"schema": {
									"type": "string"
								}
							}
						}
					},
					"404": {
						"description": "The document was not found",
						"content": {
							"text/html": {
								"schema": {
									"type": "string"
								}
							}
						}
					}
				}
            }
        },
        "/encyclopedia/{search}": {
            "get": {
                "summary": "Show encyclopedia entry matching {search}",
				"description": "Search endpoint used for the encyclopedia example (Damen Conversations Lexikon)",
                "operationId": "vapi:view",
				"x-error-handler": "vapi:handle-error",
                "tags": ["encyclopedia"],
				"parameters": [
					{
						"name": "file",
						"in": "query",
						"schema": {
							"type": "string",
                            "default": "pages/tei-lex"
						}
					},
                    {
						"name": "docid",
						"in": "query",
						"description": "Relative path to the document",
						"required": true,
						"schema": {
							"type": "string",
							"example": "test/orlik_to_serafin.xml",
                            "default": "test/DamenConvLex-1834.xml"
						},
						"allowReserved": true
					},
					{
						"name": "search",
						"in": "path",
						"description": "headword query",
						"required": true,
						"schema": {
							"type": "string"
						}
					}
				],
				"responses": {
					"200": {
						"description": "HTML of the page",
						"content": {
							"text/html": {
								"schema": {
									"type": "string"
								}
							}
						}
					},
					"404": {
						"description": "The document was not found",
						"content": {
							"text/html": {
								"schema": {
									"type": "string"
								}
							}
						}
					}
				}
            }
        },
        "/api/lemma": {
            "get": {
                "summary": "List encyclopedia headwords",
                "description": "Retrieve list of headwords in format required by pb-split-list. Used by the encyclopedia sample (Damen Conversations Lexikon)",
                "operationId": "custom:lemmata",
                "tags": ["encyclopedia"],
                "parameters": [
					{
						"name": "category",
						"in": "query",
						"schema": {
							"type": "string"
						}
					},
                    {
                        "name": "limit",
                        "in": "query",
                        "schema": {
                            "type": "integer",
                            "default": 20
                        }
                    },
                    {
                        "name": "search",
                        "in": "query",
                        "schema":{
                            "type": "string"
                        }
                    }
					,
					{
						"name": "lang",
						"in": "query",
						"schema": {
							"type": "string"
						}
					}
                ],
                "responses": {
                    "200": {
                        "description": "Categories and places to display",
                        "content": {
                            "application/json": {
                                "schema":{
                                    "type": "object"
                                }
                            }
                        }
                    }
                }
            }
        },
        "/api/folios/{id}": {
			"get": {
				"summary": "Retrieve a list of pages for the document",
				"description": "Retrieve a list of pages for the documents",
				"tags": [
					"documents"
				],
				"operationId": "app:folios",
				"parameters": [
					{
						"name": "id",
						"in": "path",
						"required": true,
						"schema": {
							"type": "string",
							"example": "MekhY/transcription_MekhY_M117.xml"
						}
					},
					{
						"name": "view",
						"in": "query",
						"schema": {
							"type": "string",
							"enum": [
								"page",
								"div",
								"single"
							]
						},
						"example": "div",
						"description": "The view type used by the main view which displays the document, e.g. 'page' or 'div'. This has an influence on the generated links, which need to differ when linking to a page rather than a section."
					},
					{
						"name": "target",
						"in": "query",
						"schema": {
							"type": "string",
                            "default": "transcription"
						},
						"description": "The target channel into which link selection events should be send (if the user clicks on a link)"
					}
				],
				"responses": {
					"200": {
						"description": "Returns the list of folios as HTML",
						"content": {
							"text/html": {
								"schema": {
									"type": "string"
								}
							}
						}
					},
					"404": {
						"description": "Document not found",
						"content": {
							"application/json": {
								"schema": {
									"type": "object"
								}
							}
						}
					}
				}
			}
		},
        "/api/wiki/{id}": {
            "get": {
                "summary": "Show wiki entry matching {id}",
				"description": "Endpoint used for retrieving basic info about wiki entity",
                "operationId": "app:wiki",
				"x-error-handler": "vapi:handle-error",
                "tags": ["wiki"],
				"parameters": [
					{
						"name": "id",
						"in": "path",
						"schema": {
							"type": "string",
                            "default": "Q393"
						}
					}
				],
				"responses": {
					"200": {
						"description": "HTML of the entity summary",
						"content": {
							"text/html": {
								"schema": {
									"type": "string"
								}
							}
						}
					},
					"404": {
						"description": "Entity was not found",
						"content": {
							"text/html": {
								"schema": {
									"type": "string"
								}
							}
						}
					}
				}
            }
        }
    },
    "security": [
        {
            "cookieAuth": []
        },
        {
            "basicAuth": []
        }
    ]
}