<?xml-model href="http://docbook.org/xml/5.1/rng/docbook.rng" schematypens="http://relaxng.org/ns/structure/1.0"?><?xml-model href="http://docbook.org/xml/5.1/sch/docbook.sch" type="application/xml" schematypens="http://purl.oclc.org/dsdl/schematron"?><?teipublisher odd="docx.odd" template="doc.html" view="div" depth="4" fill="5"?><article xmlns="http://docbook.org/ns/docbook" xmlns:xlink="http://www.w3.org/1999/xlink" version="5.1">
  <info>
    <title>Rejestr kontrybucji diecezji poznańskiej z 1561 r.</title>
    <author>
      <personname>Bogumił Szady</personname>
    </author>
  </info>
  <section>
    <title>Rejestr kontrybucji diecezji poznańskiej z 1561 r.</title>

    <subtitle>Informacja wstępna</subtitle>
    <para>Strona zawiera informację o danych badawczych do edycji dwóch kopii rejestru kontrybucji z
      wielkopolskiej części diecezji poznańskiej z 1561 r. przechowywanych w Archiwum Głównym Akt
      Dawnych w Warszawie:</para>
    <para> A - Regestrum contributionis duplae in totum clerum pro serenissimo principe domino
      domino Sigismundo Augusto rege Poloniae anno Domini millesimo quingentesimo sexagesimo primo
      in synodo provinciali Varssouiensi decretae, cuius contributionis exactor deputatus
      venerabilis dominus Michael Skrzethussewsky canonicus Posnaniensis, Archiwum Główne Akt
      Dawnych, Archiwum Skarbu Koronnego, sygn. 1/7/0/3/3, k. 318-347. </para>
    <para> B - Regestrum contributionis duplae in totum clerum decretae pro serenissimo principe
      domino domino Sigismundo Augusto rege Poloniae anno Domini millesimo quingentesimo sexagesimo
      primo in synodo provinciali Varssouiensi, cuius contributionis exactor deputatus venerabilis
      dominus Michael Skzetussewski canonicus Posnaniensis, Archiwum Główne Akt Dawnych, Archiwum
      Skarbu Koronnego, sygn. 1/7/0/3/91, k. 1-78. </para>

    <subtitle>Artykuł naukowy</subtitle>
    <para>Artykuł naukowy przedłożony do czasopisma <emphasis>Studia Źródłoznawcze</emphasis> składa
      się z następujących części:</para>
    <orderedlist>
      <listitem>
        <para>Uwagi wstępne</para>
      </listitem>
      <listitem>
        <para>Geneza i sporządzenie rejestru</para>
      </listitem>
      <listitem>
        <para>Metodyka edycji rejestru</para>
      </listitem>
      <listitem>
        <para>Podsumowanie</para>
      </listitem>
      <listitem>
        <para>Bibliografia</para>
      </listitem>
    </orderedlist>

    <subtitle>Edycja tradycyjna pełnotekstowa </subtitle>
    <para>Edycja tradycyjna pełnotekstowa składa się z:</para>
    <orderedlist>
      <listitem>
        <para>Tekstu głównego z aparatem krytycznym</para>
      </listitem>
      <listitem>
        <para>Indeksu osób</para>
      </listitem>
      <listitem>
        <para>Indeksu miejscowości</para>
      </listitem>
    </orderedlist>

    <subtitle>Edycja cyfrowa pełnotekstowa (XML-TEI)</subtitle>
    <para>Edycja cyfrowa pełnotekstowa składa się z:</para>
    <orderedlist>
      <listitem>
        <para>Aplikacji internetowej TEI-Publisher, która zawiera skany rękopisów oraz tekst główny
          wraz z odsyłaczami do osób, miejsc i instytucji</para>
      </listitem>
      <listitem>
        <para>Bazy danych zawierającej informacje na temat osób, miejsc oraz instytucji wymienionych
          w obu rejestrach</para>
      </listitem>
    </orderedlist>

    <subtitle>Edycja cyfrowa bazodanowa (SQL)</subtitle>
    <para>Edycja cyfrowa bazodanowa składa się z:</para>
    <orderedlist>
      <listitem>
        <para>Aplikacji internetowej INDXR, która zawiera skany rękopisów oraz dane na temat osób,
          miejsc i instytucji wymienionych w obu rejestrach</para>
      </listitem>
      <listitem>
        <para>Plików z danymi do pobrania</para>
      </listitem>
    </orderedlist>
  </section>
</article>